title,description
Psychoanalysis,"Freud's theory of the unconscious mind remains a cornerstone of psychoanalytic thought. His exploration of dreams, especially in 'The Interpretation of Dreams,' provided insights into how repressed emotions shape behavior."
Psychoanalysis,"The Oedipus complex is one of Freud’s most controversial ideas. It explores the intense emotional connection a child feels for the parent of the opposite sex, leading to complex emotions and subconscious drives."
Psychoanalysis,"Carl Jung introduced the concept of archetypes, symbolic images that shape human thought and behavior. His ideas on the collective unconscious remain pivotal in psychoanalysis."
Psychoanalysis,"Object relations theory examines the relationships between people, especially as they are represented in the mind. This approach highlights how early relationships influence personality development."
Psychoanalysis,"Freud’s structural model of the psyche—id, ego, and superego—describes the dynamics of the human mind. This framework helps understand the tension between instinctual desires and moral conscience."
Psychoanalysis,"Dream analysis, a core element of psychoanalytic practice, seeks to uncover hidden meanings behind symbols in dreams. Freud believed dreams are a ‘royal road’ to understanding the unconscious."
Psychoanalysis,Lacan's mirror stage theory posits that self-recognition during infancy shapes identity formation. His work has profound implications for understanding the development of the self.
Psychoanalysis,"The defense mechanisms, such as repression and denial, are unconscious processes that protect the ego from anxiety. These mechanisms are essential to Freud’s theory of how the mind copes with stress."
Psychoanalysis,"Attachment theory, influenced by psychoanalysis, explores how early bonds with caregivers impact emotional health. Bowlby and Ainsworth’s work in this area has expanded psychoanalytic thought."
Psychoanalysis,Transference is a phenomenon in psychoanalysis where patients project feelings toward the therapist that are rooted in past relationships. This concept is key to understanding therapeutic dynamics.
Medicine,"The role of CRISPR technology in genetic editing is transforming modern medicine. Scientists are now able to precisely alter DNA, offering potential treatments for genetic disorders."
Medicine,"Vaccination has been one of the most effective methods to control infectious diseases. With advances in mRNA vaccines, the future of immunization continues to evolve."
Medicine,"Telemedicine is expanding access to healthcare, especially in remote areas. With advancements in digital tools, doctors can diagnose and treat patients virtually."
Medicine,The opioid crisis remains a major public health concern. Efforts are ongoing to manage pain more safely and address the social and medical factors driving addiction.
Medicine,"Artificial intelligence in radiology is improving diagnostic accuracy. Machine learning algorithms can analyze medical images with high precision, assisting radiologists."
Medicine,"Gene therapy offers new hope for patients with rare genetic diseases. This approach involves correcting defective genes, potentially curing diseases at their source."
Medicine,The microbiome plays a crucial role in human health. Research shows that gut bacteria influence everything from digestion to immune function and even mental health.
Medicine,"Stem cell therapy holds promise for regenerative medicine. These cells have the potential to repair damaged tissues, offering hope for conditions like spinal injuries."
Medicine,Antibiotic resistance is a growing threat to public health. Research is focused on finding new drugs and alternative treatments to combat resistant bacterial strains.
Medicine,"Wearable health technology is empowering patients to monitor their health in real-time. Devices like smartwatches can track heart rate, activity levels, and sleep patterns."
Mathematics,"Calculus revolutionized mathematics by providing tools to study change. Newton and Leibniz independently developed calculus, which is essential in physics and engineering."
Mathematics,Topology studies the properties of space that are preserved under continuous transformations. Concepts like manifolds and homotopy are central to this field.
Mathematics,Number theory investigates the properties of integers and their relationships. This branch of mathematics is foundational to cryptography and coding theory.
Mathematics,"Linear algebra, the study of vectors and matrices, is crucial in various applications, from computer graphics to machine learning algorithms."
Mathematics,Mathematical modeling allows scientists to simulate real-world systems. This approach is vital in fields ranging from biology to economics to predict complex behavior.
Mathematics,"Statistics provides tools to analyze and interpret data, essential in research and decision-making. Concepts like probability distributions and hypothesis testing are fundamental."
Mathematics,Algebraic geometry explores the solutions of polynomial equations. This field connects algebra with geometry and has applications in physics and number theory.
Mathematics,"Combinatorics examines the ways in which objects can be arranged or combined. This branch has applications in computer science, particularly in algorithm design."
Mathematics,The study of differential equations is critical for understanding dynamic systems. Applications range from modeling population growth to predicting climate change.
Mathematics,"Set theory, introduced by Cantor, forms the foundation of modern mathematics. Concepts such as infinite sets and cardinality are key topics in this area."
